Automobiles,"Car, racing, motor, auto, parts "
School,"school, institute, education "
Food / Beverage,"food, pizza, salad, snack, eat"
Consulting / Business Services,"entreprenuer, business, mentor, advi"
Religion,"bible, prayer, faith, god "
Sports,"sport, club, team, "
Gaming,"gaming, game"
Health / Fitness,"health, training, fitness"
Blog / Portfolio,"blog, portfolio, my, me, "
Finance,"money, bank, finance "
Home Design,"furniture, home, house, architecture "
Startups,"innovation, startup"
Online Store,"products, sale, store, online "
Entertainment,"tv, media, entertainment, television"
Local Business,"service, local"
Artist / Band / Public Figure,"source, artist, band, leader "
Music,"music, artist, radio"
Nonprofit,"organization, nonprofit"
Club / Community Organization,"club, friend, social, community"
Parenting,"children, kids, care, "
Photography,"pictures, photos, camera, photography"
Politics,"congress, political, politic"
Fashion / Beauty,"makeup, cloth, fashion, beauty "
Event,event
Science / Nature / Animals,"dog, animal, science, pet"
Media / News,"news, media, article"
Art,"anime, art, gallery, "
Technology,"computer, electronic"
Travel,"location, travel, world "
Weddings,"marriage, wedding, husband, wife"